Wall Vs Duct,Hola Victor 01,976af621-ae17-405e-bda9-d762d31b4589
Wall Vs Duct,Hola Victor 02,d565a2ef-5ef0-407e-b951-123819d017ad
Wall Vs Duct,Hola Victor 03,4e1b91f6-9aae-4166-ad19-983c6750a08d
Wall Vs Duct,Hola Victor 04,61930be0-8020-4e2e-b5c7-53c12564ad9a
Wall Vs Duct,Hola Victor 05,c1017171-8839-4b3c-910e-4d6fa5e84fd9
Wall Vs Duct,Hola Victor 06,5de8b183-e5a6-4bac-9c0a-c81c8fa316a4
Wall Vs Duct,Hola Victor 07,362ea57f-18ee-414b-895b-314cb35a6522
Wall Vs Duct,Hola Victor 08,29e38f8f-4c81-4043-95bf-5b28a0d811cd
Wall Vs Duct,Hola Victor 09,eb0a13e0-4296-4ea8-86b5-658aa0fa41d4
Wall Vs Duct,Hola Victor 10,db6c385e-fa17-4fcd-9983-1b6c281e6bd9
Wall Vs Duct,Hola Victor 11,f4238fe1-0d62-4293-b2cb-2647eb339be5
Wall Vs Duct,Hola Victor 12,39a5d27b-a9bd-4331-9e4d-26b6100e92a2
Wall Vs Duct,Hola Victor 13,6bf15e64-acf2-481c-b7e0-25dd0282168f
Wall Vs Duct,Hola Victor 14,3a9b150e-b222-4287-af4b-b4a0bc33d8cc
Wall Vs Duct,Hola Victor 15,23eeb101-6607-405f-be13-8f38ee724526
Floor vs Duct,Hola Victor 16,19e77785-341c-4a5f-8d25-85db700ae025
Floor vs Duct,Hola Victor 17,6d6a63bb-8217-475d-9d92-4a77598738dd
Floor vs Duct,Hola Victor 18,bb987c1f-512f-4837-a56b-38bab6b9e274
Floor vs Duct,Hola Victor 19,6e333afa-868e-4b58-952e-4640ab51ffef
Floor vs Duct,Hola Victor 20,f04537f4-1296-4ff6-9381-6689f9f0bd10
Floor vs Duct,Hola Victor 21,01f7c5aa-7e8d-4fe6-a8f7-5a4a4568fcc1
Floor vs Duct,Hola Victor 22,a1a50fc9-02be-42d0-a26c-2f1da8bad863
Floor vs Duct,Hola Victor 23,75ac0be3-8eee-4c3b-8e0f-bb357f25491d
Floor vs Duct,Hola Victor 24,691060ee-a041-4914-b6bf-137969a8b460
Floor vs Duct,Hola Victor 25,f034282f-1b31-4437-bbdc-d0918a6bc955
Floor vs Duct,Hola Victor 26,8e43955d-1066-4c0a-adb0-39227dab2bfe
Floor vs Duct,Hola Victor 27,03db286f-7a20-402a-bf87-ed0116020c7a
Floor vs Duct,Hola Victor 28,a4bd1655-038d-4fb1-9068-995b7941761b
Floor vs Duct,Hola Victor 29,6355ac92-7a9d-40ed-92b2-0f68fbe2b036
Floor vs Duct,Hola Victor 30,7cb69841-8d3a-40b3-90b6-0406f743c8b1
Floor vs Duct,Hola Victor 31,6cc9b11b-8ffd-4e11-92dc-cbb3e5cb1f5b
Floor vs Duct,Hola Victor 32,72904368-0139-4a22-a23c-3d223546ef59
Floor vs Duct,Hola Victor 33,606382fb-13f9-4adf-ba38-3376019e2c5f
Floor vs Duct,Hola Victor 34,c6450c60-f2c8-44bb-8982-176085184d7a
Floor vs Duct,Hola Victor 35,0018b864-5d07-4558-a3cc-7337f57aef57
Floor vs Duct,Hola Victor 36,eef33a85-5fdd-4bc2-808b-d2250add6340
Floor vs Duct,Hola Victor 37,be977acd-2932-4b4a-964f-e1fdc0b8992a
Floor vs Duct,Clash23,b5848427-f05b-452e-9bd5-a1eddc4ec227
Floor vs Duct,Clash24,f30b59e6-3856-45cd-9296-8c61cac3c8ad
Floor vs Duct,Clash25,503eb54d-a66e-40d7-8184-548d87244563
Floor vs Duct,Clash26,414cf259-3323-4734-9add-fa6dbb8a8909
Floor vs Duct,Clash27,46dea246-5e30-4a36-af1a-97b67ae74dd0
Floor vs Duct,Clash28,0eab8132-323b-44b0-a833-aca6dfc4650c
Floor vs Duct,Clash29,0a60f8e0-186b-4978-b470-869f36b3c715
Floor vs Duct,Clash30,01d8400e-7ea2-48da-8f83-a50a773a1e6f
Floor vs Duct,Clash31,efa0b7f3-8ed5-448e-864d-832125214276
Floor vs Duct,Clash32,6160c64a-4b4c-4acf-8eb1-34403d833747
Floor vs Duct,Clash33,d9172159-a14d-4183-a118-8c7663124bfe
Floor vs Duct,Clash34,3671e67b-6c75-4e59-9d3a-21e40d30da8a
Floor vs Duct,Clash35,5c053f9c-e3ec-4b00-b442-477818ff5706
Floor vs Duct,Clash36,ce2ae552-8bc4-4952-b022-dc20195c5a01
Floor vs Duct,Clash37,e2a50fa4-82cf-4289-b1b3-191b7951cd23
Floor vs Duct,Clash38,5fa33f3c-f18f-4615-b856-3d7a06aac7a1
Floor vs Duct,Clash39,33d6851c-fc19-4fab-a7c2-8836c22fe99e
Floor vs Duct,Clash40,e4daa831-e516-421b-9761-60503bd043ef
Floor vs Duct,Clash41,c91f2b26-2469-42f0-9d2e-753867f9589a
Floor vs Duct,Clash42,a2f3779b-8938-48c2-9f22-08748209dc6d
Floor vs Duct,Clash43,0d1b41ce-1f68-4202-8e4e-43af42e2d213
Floor vs Duct,Clash44,9798fa14-eeb9-44d0-bf98-9941270ea955
Floor vs Duct,Clash45,cc8fac82-14cd-4cb4-8ab1-efede55d5838
Floor vs Duct,Clash46,e8d24383-a6bf-4003-b20e-a7a60011842a
Floor vs Duct,Clash47,0c98e053-3e0c-43c3-8ba1-0a07120305e6
Floor vs Duct,Clash48,43fd2e43-6c6c-4dca-850b-06a7ce8ef83c
Floor vs Duct,Clash49,f6018197-d15c-45fe-bec8-4451b0f82c1d
Floor vs Duct,Clash50,080569e0-77dd-4a38-b12d-850f03791c3a
Floor vs Duct,Clash51,b323de40-5b4a-48a4-85fb-eb83c398fe28
Floor vs Duct,Clash52,5494524b-4a7e-43c2-9e7b-cf27851d5261
Floor vs Duct,Clash53,4a2e7f00-01e4-47ec-b2cd-dd4166617678
Floor vs Duct,Clash54,5e0368b3-3c3b-4dde-9681-37f24b4f67d5
Floor vs Duct,Clash55,94a963a0-ac0e-4160-a72f-3e85f80761ca
Floor vs Duct,Clash56,71e22d5a-8ec7-4479-848b-77b31d59abbf
Floor vs Duct,Clash57,f39e14f8-4b26-4610-99fe-ec3b8689778c
Floor vs Duct,Clash58,12c24d63-a8e0-4bc8-a63e-323e12c4c181
Floor vs Duct,Clash59,ba8b937e-5f0d-4442-9716-7e3da0050a44
Floor vs Duct,Clash60,d71fb855-4dee-4e6a-8f63-85aa8875f432
Floor vs Duct,Clash61,12d955bd-11a6-4eb2-a199-7e9e7f010a7e
Floor vs Duct,Clash62,6233fff9-c70b-4e76-bb97-b5524cb42e51
Floor vs Duct,Clash63,c9f06896-507b-419f-8c3b-ff26d52d9db0
Floor vs Duct,Clash64,240731f7-a8b6-4e19-bd8c-61aad8c9c37a
Floor vs Duct,Clash65,2eb10a6b-05e2-499a-8158-3f4bc95cf9b5
Floor vs Duct,Clash66,0eab477f-93bd-4af3-8f7b-cece74ba03d0
Floor vs Duct,Clash67,f3e70f55-6d1d-4ab4-89e9-25a796aabb77
Floor vs Duct,Clash68,8ee70ced-fcc1-4971-983d-f2d75d98e1ee
Floor vs Duct,Clash69,b1744477-e708-4d89-bc49-992a4868d76b
Floor vs Duct,Clash70,d5cf8c8c-d0ef-4ec0-b47a-e321e1da8377
Floor vs Duct,Clash71,44914283-480e-4475-ba9d-990803ed0fb9
Floor vs Duct,Clash72,25edf213-219b-4438-b185-a225fb97ba36
Floor vs Duct,Clash73,6ff1afc5-353b-498b-b269-f35a3616330e
Floor vs Duct,Clash74,f64255d5-0798-4085-ab37-aab02f4dbc02
Floor vs Duct,Clash75,8b60ab5b-d7f5-4283-a19e-48a8e98243ac
Floor vs Duct,Clash76,8572559f-5825-48b8-93b0-e42ee317f7e7
Floor vs Duct,Clash77,312bf90c-f018-412e-b84e-cc9b6f9d86f2
Floor vs Duct,Clash78,ca3263b8-623b-40e7-91bb-53a317e4cd65
Floor vs Duct,Clash79,84edc498-6fde-480d-9dc6-52abbaa29300
Floor vs Duct,Clash80,cc98612b-8ffd-43e2-949f-db19e2ca3142
Floor vs Duct,Clash81,41ce4647-e0a8-4c15-83f1-5e13caedd4b2
Floor vs Duct,Clash82,2652998b-3ed5-406c-aa7c-ac5854614db0
Floor vs Duct,Clash83,500f36ab-7b8c-424c-bb8b-3cff0444fb69
Floor vs Duct,Clash84,0b40578d-6ec8-4822-a369-689135bebd52
Floor vs Duct,Clash85,f43fcc47-d3f8-46a9-ada4-8ea83c937695
Floor vs Duct,Clash86,77a0ae81-0593-4740-b109-dd822b6c9de8
Floor vs Duct,Clash87,839d5f9e-1cfb-472d-af1d-bb552198ce88
Floor vs Duct,Clash88,7fa8e153-f47d-400e-8df1-1d1bdccb15e7
Floor vs Duct,Clash89,004f3f82-23f1-40d3-b15f-4c8ca41e194b
Floor vs Duct,Clash90,0b865752-fd73-4cbf-a251-c17924ec587b
Floor vs Duct,Clash91,ac7e60bb-265d-476d-927b-749e69b101ca
Floor vs Duct,Clash92,0c147a8b-a154-4812-b8c5-673c5ff9b2b5
Floor vs Duct,Clash93,9c7a37d2-ffd6-485c-a457-bbd65b4c52eb
Floor vs Duct,Clash94,9b299401-80ea-44d2-9003-1cc4f8fa49f6
Floor vs Duct,Clash95,53e721f1-6b72-461e-b3bd-466280cee9be
Floor vs Duct,Clash96,d499da01-321a-4c4f-b843-d2fe3692b9d0
Floor vs Duct,Clash97,1f188c7e-fb97-403d-8c0f-81102ce9bc75
Floor vs Duct,Clash98,bf4f8cdd-4bf0-4e38-9622-d8395c483b30
Floor vs Duct,Clash99,52bbed53-21fa-423a-87d8-92c5e37f5ac0
Floor vs Duct,Clash100,b9ed950e-0b39-4851-a3af-cd1c1ad4fcdc
Floor vs Duct,Clash101,356c912b-74fb-4346-b0ba-43d33d6a43c2
Floor vs Duct,Clash102,8c208648-5d03-42cc-9cc3-9cc3701b9348
Floor vs Duct,Clash103,a02aeeb3-fe35-4937-bf4c-e8b4991c2e3f
Floor vs Duct,Clash104,39b42237-8f87-4468-bfb5-076651c3da3f
Floor vs Duct,Clash105,5e10eaea-8b3b-470a-8e0b-72a168924544
Floor vs Duct,Clash106,c98945a5-bdfc-421d-94e0-60bbe2a0e4e0
Floor vs Duct,Clash107,18f0fca3-8ed4-46f4-a0b1-d0764f33fdc0
Floor vs Duct,Clash108,3a0b7b1e-64e4-412b-8da1-22feb38dfd52
Floor vs Duct,Clash109,39476677-897a-40b4-b1d9-7f4636fb67f0
Floor vs Duct,Clash110,be1409cb-e68d-40e1-b3e0-9713f99d629c
Floor vs Duct,Clash111,e38893aa-2efd-478b-8e90-a76ed49b1339
Floor vs Duct,Clash112,f9c62420-2540-4ae3-ac95-478a33d6ee2c
Floor vs Duct,Clash113,2748ff75-4d5f-44a0-9c6a-671f1f014640
Floor vs Duct,Clash114,f51e1eef-c70c-48b1-8717-68acd6baa642
Floor vs Duct,Clash115,7b5ad87e-0d49-4d16-9d00-83f155b6587e
Floor vs Duct,Clash116,8756fd86-949b-4308-8e66-dbc99c6001cf
Floor vs Duct,Clash117,81e96645-0819-4bca-963b-f65090664e1f
Floor vs Duct,Clash118,caeda6ec-7a73-438f-94ca-d8f8b152435f
Floor vs Duct,Clash119,3d9f37cc-36ac-4145-adae-f2e895f73aa4
Floor vs Duct,Clash120,3ce8d917-8ed2-4f7d-80c6-a3e39ef23061
Floor vs Duct,Clash121,f06ecb6c-e359-467a-a8cc-ee482e0a400c
Floor vs Duct,Clash122,c25b4db8-26bf-4ceb-ab9c-b3f9af21da7a
Floor vs Duct,Clash123,7e6b1969-5a53-4f76-85b1-58db683faf9f
Floor vs Duct,Clash124,00b5b736-a68e-44e0-892e-c9a47e3840d2
Floor vs Duct,Clash125,5d6a5365-5c79-4d10-83a6-0e4825a42cfd
Floor vs Duct,Clash126,5bbee7db-f8ad-48cb-b557-6d37a44abc8d
Floor vs Duct,Clash127,40055df5-ea6d-4242-9491-5d6b73aaa8e9
Floor vs Duct,Clash128,55d10eda-7d81-47e2-8f11-37a7bbedaaf6
Floor vs Duct,Clash129,0a0a5532-2ba4-4bb2-9508-d0166bb7f648
Floor vs Duct,Clash130,5e6de82b-8853-48d8-92d4-6b2e9b1cf04b
Floor vs Duct,Clash131,9576de75-cc1b-4114-a9f8-97fccc100261
Floor vs Duct,Clash132,fcd41681-6afc-4539-b522-00ab0ea932bc
Floor vs Duct,Clash133,d0f638db-5e81-458b-9fef-693cb1fa33bf
Floor vs Duct,Clash134,b8612f5a-7f7f-4777-aaa9-d100ad98e8a2
Floor vs Duct,Clash135,71eac548-0f83-4d42-800d-e99d32b3078a
Floor vs Duct,Clash136,e2fab7a2-7e75-482a-af93-8d11bd176e9b
Floor vs Duct,Clash137,96a498d9-a9dc-4814-bb7e-457a7f5b913d
Floor vs Duct,Clash138,67deae9f-6e82-4d12-bb46-862210afdb9e
Floor vs Duct,Clash139,25aada1b-7b04-40d2-8b41-7af60f83a886
Floor vs Duct,Clash140,ab9580de-88d5-44db-983c-03f0240674a4
Floor vs Duct,Clash141,0706f799-13eb-4d29-aa82-0685e44b00b4
Floor vs Duct,Clash142,e0d815b2-41f0-48c3-88b6-35ff82166937
Floor vs Duct,Clash143,9135b191-06fc-44dd-b4e4-bd230bc93760
Floor vs Duct,Clash144,57ebc806-2499-47af-9c31-f2669b5a5baa
Floor vs Duct,Clash145,facf000d-241c-4e30-9e20-98bcc7e3cb22
Floor vs Duct,Clash146,63bb88a3-1182-411b-8434-f087e223245f
Floor vs Duct,Clash147,c31f23d7-45a2-49e0-98ad-192476aefa2a
Floor vs Duct,Clash148,083e1f5a-1f2e-48ae-b9b3-153dd257d4ac
Floor vs Duct,Clash149,3a5ac0e6-22af-44dc-bec1-6fa69b699f1a
Floor vs Duct,Clash150,e5798db7-ee50-4380-8571-c5876a9a4e98
Floor vs Duct,Clash151,771410ac-5277-4c89-9be8-c4a71cf52024
Floor vs Duct,Clash152,e1e5917d-42fc-4597-9fab-125e6234efc1
Floor vs Duct,Clash153,1bb621a7-cb57-4149-ba86-0267845bccc5
Floor vs Duct,Clash154,dace357b-02e8-41bc-962b-19e5e97ce8ed
Floor vs Duct,Clash155,1f115a94-dc53-4f4f-8c57-ae2b4a2fb801
Floor vs Duct,Clash156,4cc09c9f-7d47-4908-bfaa-7733cfb88288
Floor vs Duct,Clash157,da422ff4-acb1-4171-a463-c456e78c4af8
Floor vs Duct,Clash158,40329385-4db5-4162-a22c-285c84d77f68
Floor vs Duct,Clash159,3e77d6b7-c906-463b-a98c-937ee78954b8
Floor vs Duct,Clash160,0d0015eb-ba6c-4576-86ad-980d984e685f
Floor vs Duct,Clash161,e78ac6f8-a84e-4574-b77a-bccf9b8cad6f
Floor vs Duct,Clash162,e124d8d3-9dae-4fba-a611-68bd4e541df0
Floor vs Duct,Clash163,227c0050-2ec7-463f-aef9-ff7f68245929
Floor vs Duct,Clash164,af25b713-a7bb-49c4-b65d-b53b11870d80
Floor vs Duct,Clash165,4540ea42-af50-4a1a-a410-d0be1cbe6fea
Floor vs Duct,Clash166,99e2f7d9-7f0a-426d-856d-f9507a604288
Floor vs Duct,Clash167,c6dc3af0-a94d-48d5-af8f-02e89cb3b278
Floor vs Duct,Clash168,071a7ce1-e146-4270-92f9-9a8079ba428f
Floor vs Duct,Clash169,f2b3225f-fcb5-4477-a9f0-102d187b8293
Floor vs Duct,Clash170,da362c7f-4820-4203-a01f-dfb8dd545b52
Floor vs Duct,Clash171,320e7743-422f-479a-a93e-4bb1da3725bc
Floor vs Duct,Clash172,90867c0b-eeec-465f-819e-9e7d5dd03c86
Floor vs Duct,Clash173,28c89346-4f54-4312-a7d4-58caf710f573
Floor vs Duct,Clash174,bf711622-975d-4ca6-aeb6-b35ea083100e
Floor vs Duct,Clash175,698db45a-43bd-40c4-a231-cac1830bb7e0
Floor vs Duct,Clash176,bbf3164f-e335-4d54-b289-77700488ffae
Floor vs Duct,Clash177,4bc34125-b30d-4930-926c-69d768e51169
Floor vs Duct,Clash178,0c82cadd-5e4d-4975-ab42-90a55efa7967
Floor vs Duct,Clash179,946c948f-3356-4d66-9d3d-f428c2c0d71a
Floor vs Duct,Clash180,1f0f141a-e54c-40a3-b5f3-fc9864d710ee
Floor vs Duct,Clash181,1be3bc85-c39f-438b-b5fa-9da5bdd14eaf
Floor vs Duct,Clash182,2991e723-9e36-44ee-8334-6f4e25c0ff05
Floor vs Duct,Clash183,e1173f68-95ac-45ed-b03d-50d3019c7ac7
Floor vs Duct,Clash184,6a5d6c4a-41e4-4dec-8812-a5eaafd2be52
Floor vs Duct,Clash185,c829757c-51a8-4f19-986e-4603281b3b42
Floor vs Duct,Clash186,fcec38cb-651b-47f4-a7c7-b84ca86c5e39
Floor vs Duct,Clash187,ccfe488b-710e-4a08-b488-2cd09ba1f5d0
Floor vs Duct,Clash188,a2b9cb80-3e32-48ea-8894-ed99d75e2013
Floor vs Duct,Clash189,f59c58a2-139d-47b2-acc5-824f7590ac8a
Floor vs Duct,Clash190,d4315817-ff3c-499c-9939-cd93dbeb13a4
Floor vs Duct,Clash191,901f224c-2700-4322-94a8-8396ffe845ae
